gene,logfoldchanges,pvals,pvals_adj,cluster
MALAT1,7.231332,0,0,Microglia
LRMDA,5.9769297,0,0,Microglia
NEAT1,5.8828244,0,0,Microglia
DIAPH2,4.9927106,0,0,Microglia
MT-CO3,5.156552,0,0,Microglia
TMSB4X,5.107962,0,0,Microglia
MT-CO2,4.983517,0,0,Microglia
MT-ATP6,5.0465536,0,0,Microglia
LNCAROD,6.052008,0,0,Microglia
FTX,4.5111003,0,0,Microglia
SAT1,4.869066,0,0,Microglia
MT-CYB,4.9559107,0,0,Microglia
DLEU2,4.5143747,0,0,Microglia
MT-ND4,4.7352557,0,0,Microglia
MT-CO1,4.691442,0,0,Microglia
AC244021.1,4.876759,0,0,Microglia
MT-ND3,4.683694,0,0,Microglia
SH3KBP1,4.6288056,0,0,Microglia
AL163541.1,6.413763,0,0,Microglia
MT-ND1,4.722685,0,0,Microglia
LINC02232,4.79411,0,0,Microglia
AC016831.7,4.344949,0,0,Microglia
RPS6KA3,4.626535,0,0,Microglia
COP1,4.4027796,0,0,Microglia
GRK3,4.7115674,0,0,Microglia
DOCK11,4.5554833,0,0,Microglia
ARHGAP6,4.5345197,0,0,Microglia
AC008691.1,5.1084867,0,0,Microglia
MT-ND2,4.3416286,0,0,Microglia
PRKN,4.2576976,0,0,Microglia
CSF2RA,4.707236,0,0,Microglia
SH3BGRL,4.3725333,0,0,Microglia
FP236383.1,4.4088416,0,0,Microglia
ATRX,4.1263614,0,0,Microglia
TENT2,4.17978,0,0,Microglia
BABAM2,4.2178864,0,0,Microglia
TENM4,4.5053062,0,0,Microglia
MIR99AHG,3.9560614,0,0,Microglia
IL13RA1,4.2355475,0,0,Microglia
RUBCNL,4.5619183,0,0,Microglia
GMDS-DT,4.3367586,0,0,Microglia
AC120193.1,4.3920374,0,0,Microglia
MEF2C-AS1,4.252448,0,0,Microglia
ABHD15-AS1,4.547516,0,0,Microglia
MIR646HG,4.2179036,0,0,Microglia
MSN,4.3387117,0,0,Microglia
UTY,4.2492456,0,0,Microglia
ENTPD1-AS1,3.9515119,0,0,Microglia
AC044781.1,5.054769,0,0,Microglia
ARMH3,4.028579,0,0,Microglia
AP003086.2,4.279826,0,0,Microglia
AC006978.2,4.1367016,0,0,Microglia
LINC01094,4.337425,0,0,Microglia
AC124319.1,5.1732264,0,0,Microglia
AP003481.1,4.4415374,0,0,Microglia
USP9X,4.092696,0,0,Microglia
ATP11C,4.4343257,0,0,Microglia
TUT4,3.7996268,0,0,Microglia
LINC00278,4.328129,0,0,Microglia
ACSL4,4.2442245,0,0,Microglia
ARHGEF6,4.1918902,0,0,Microglia
NUTM2A-AS1,3.8081677,0,0,Microglia
GAB3,4.2857833,0,0,Microglia
AC245297.3,3.923316,0,0,Microglia
MRTFA,5.0845923,0,0,Microglia
VSIG4,4.240052,0,0,Microglia
AL034397.3,4.79739,0,0,Microglia
USP9Y,4.454518,0,0,Microglia
PGK1,4.6659784,0,0,Microglia
MS4A6A,3.0982358,0,0,Microglia
STAG2,3.8137708,0,0,Microglia
AC079015.1,4.3849416,0,0,Microglia
LINC01141,4.41905,0,0,Microglia
OTULINL,4.1974454,0,0,Microglia
LARGE1,4.261253,0,0,Microglia
GPR34,4.239192,0,0,Microglia
HIF1A-AS2,4.7513103,0,0,Microglia
CARMIL1,4.123188,0,0,Microglia
NLGN4Y,4.180634,0,0,Microglia
TUT7,4.0044107,0,0,Microglia
MT-ND5,4.199825,0,0,Microglia
RELCH,5.5028963,0,0,Microglia
LINC02256,4.056273,0,0,Microglia
NUTM2B-AS1,3.8201091,0,0,Microglia
6-Sep,4.3768864,0,0,Microglia
TTTY14,4.6099296,0,0,Microglia
MIR29B2CHG,3.9008067,0,0,Microglia
AC007950.1,5.0072165,0,0,Microglia
THOC2,3.9515374,0,0,Microglia
AC011462.1,5.8715925,0,0,Microglia
ECPAS,3.920034,0,0,Microglia
MUC20-OT1,3.795998,0,0,Microglia
HUWE1,3.9265044,0,0,Microglia
SHOC1,8.770801,0,0,Microglia
LPAR6,2.541778,0,0,Microglia
DHRSX,4.1468945,0,0,Microglia
C1QB,2.6536815,0,0,Microglia
RBMX,4.273009,0,0,Microglia
AC025569.1,4.27423,0,0,Microglia
FAM157C,3.8897848,0,0,Microglia
LINC01684,4.1014338,0,0,Microglia
KDM6A,3.471238,0,0,Microglia
LINC00623,3.9472866,0,0,Microglia
TPTEP2-CSNK1E,4.1276684,0,0,Microglia
CCDC26,3.867837,0,0,Microglia
OGA,3.703316,0,0,Microglia
AC093152.1,4.146046,0,0,Microglia
LINC01091,4.659287,0,0,Microglia
BICRAL,4.010314,0,0,Microglia
AL159163.1,4.4874554,0,0,Microglia
ALG13,3.8370836,0,0,Microglia
C1QC,2.9567935,0,0,Microglia
JPX,3.5554228,0,0,Microglia
TRAF3IP2-AS1,3.930886,0,0,Microglia
CASK,3.6046646,0,0,Microglia
AC118549.1,3.6488218,0,0,Microglia
DDX3X,4.3065157,0,0,Microglia
AC008957.2,4.382802,0,0,Microglia
TMEM131L,3.8104577,0,0,Microglia
LINC02391,4.8733635,0,0,Microglia
TASOR2,5.1229854,0,0,Microglia
GRK2,4.1612945,0,0,Microglia
RPL10,3.8098955,0,0,Microglia
MAF,2.624071,0,0,Microglia
APOO,3.9014635,0,0,Microglia
OGT,3.7985513,0,0,Microglia
MECP2,4.1243777,0,0,Microglia
AC087564.1,3.7275343,0,0,Microglia
AC011933.4,4.4082217,0,0,Microglia
AC079793.1,5.142542,0,0,Microglia
AC118754.1,5.3674593,0,0,Microglia
PDK3,4.5907207,0,0,Microglia
LINC01268,5.056818,0,0,Microglia
AC007262.2,3.7701023,0,0,Microglia
COLGALT1,3.8283007,0,0,Microglia
PPP4R3A,4.0394516,0,0,Microglia
BLNK,2.3503044,0,0,Microglia
SLC8A1-AS1,4.618387,0,0,Microglia
DELE1,4.8711486,0,0,Microglia
GK,4.2178364,0,0,Microglia
BRWD3,3.8453481,0,0,Microglia
HSPA1B,2.9511907,0,0,Microglia
HLA-DRA,2.4979012,0,0,Microglia
AC105402.3,6.1110096,0,0,Microglia
AC008050.1,4.358172,0,0,Microglia
TAF1,3.8246744,0,0,Microglia
EDA,3.6285973,0,0,Microglia
CLCN5,4.4605455,0,0,Microglia
MIR34AHG,4.757621,0,0,Microglia
MTREX,3.9324281,0,0,Microglia
SH3RF3,1.8625686,0,0,Microglia
TAPT1-AS1,3.7293422,0,0,Microglia
AL365273.2,3.9613442,0,0,Microglia
AC097376.2,3.8170784,0,0,Microglia
SMS,4.318258,0,0,Microglia
AC010894.3,4.297714,0,0,Microglia
CD99,4.0539265,0,0,Microglia
ZFP36L1,2.1251752,0,0,Microglia
PRKY,5.8336763,0,0,Microglia
ELMO1-AS1,4.1156144,0,0,Microglia
AC008957.1,5.3661304,0,0,Microglia
VPS35L,3.625063,0,0,Microglia
OFD1,4.681709,0,0,Microglia
RESF1,5.2925234,0,0,Microglia
FP700111.1,3.9671597,0,0,Microglia
AC074327.1,3.2592123,0,0,Microglia
TMLHE,3.9522974,0,0,Microglia
MMP24OS,4.0346246,0,0,Microglia
FTL,1.9280597,0,0,Microglia
FCGR3A,3.0776176,0,0,Microglia
AC013394.1,3.7424242,0,0,Microglia
SRGAP2-AS1,4.47199,0,0,Microglia
MRTFB,6.1589355,0,0,Microglia
TMEM164,4.7383523,0,0,Microglia
AC027097.2,4.2111487,0,0,Microglia
CYBC1,3.835087,0,0,Microglia
HLA-DRB1,2.7584274,0,0,Microglia
XACT,4.1092963,0,0,Microglia
AL158071.4,4.104481,0,0,Microglia
AC139887.2,3.9551892,0,0,Microglia
HSPA1A,2.1479447,0,0,Microglia
AP000331.1,5.8904166,0,0,Microglia
MIR222HG,4.1829805,0,0,Microglia
ITPR2,1.498647,0,0,Microglia
AC090579.1,4.4536743,0,0,Microglia
AC023051.1,5.0614223,0,0,Microglia
HAMP,3.771735,0,0,Microglia
ARMH4,3.7211564,0,0,Microglia
HSPB1,3.2038536,0,0,Microglia
AC098850.3,3.9495366,0,0,Microglia
C1QA,2.5735211,0,0,Microglia
CD74,1.8048134,0,0,Microglia
AC124312.1,3.7768817,0,0,Microglia
PVT1,4.344688,0,0,Microglia
BMT2,3.8705814,0,0,Microglia
CEP128,3.8524935,0,0,Microglia
TENT4B,4.115598,0,0,Microglia
AC009690.1,3.7060301,0,0,Microglia
THUMPD3-AS1,4.004262,0,0,Microglia
MT-ND4L,3.7729013,0,0,Microglia
ARHGAP45,3.7529678,0,0,Microglia
C22orf34,4.0247564,0,0,Microglia
DENND3,1.8864388,0,0,Microglia
MIRLET7BHG,4.086424,0,0,Microglia
ABCB7,4.005063,0,0,Microglia
DOP1A,4.083906,0,0,Microglia
ATP5F1E,4.1622086,0,0,Microglia
AC080038.1,5.544158,0,0,Microglia
EIF2S3,4.4686346,0,0,Microglia
CCDC200,5.927733,0,0,Microglia
MIR503HG,4.8756576,0,0,Microglia
CEMIP2,4.8145885,0,0,Microglia
FYB1,1.7090206,0,0,Microglia
AC074032.1,4.946714,0,0,Microglia
LINC01410,3.8691962,0,0,Microglia
DIAPH2-AS1,4.5768285,0,0,Microglia
C3,1.8208702,0,0,Microglia
AC006160.1,5.919231,0,0,Microglia
MICOS10,4.672098,0,0,Microglia
AL513327.1,4.084592,0,0,Microglia
MED14,3.7858803,0,0,Microglia
SLC26A3,2.9608245,0,0,Microglia
ETV6,1.6114962,0,0,Microglia
AC090833.1,4.5013237,0,0,Microglia
MOSMO,3.7978635,0,0,Microglia
LINC02328,4.244385,0,0,Microglia
WDR44,3.7544107,0,0,Microglia
AC104123.1,4.2960043,0,0,Microglia
AC026470.1,4.823262,0,0,Microglia
IFI16,1.8860257,0,0,Microglia
LINC01001,4.158544,0,0,Microglia
TASOR,4.861175,0,0,Microglia
CGAS,5.1412883,0,0,Microglia
SELENOW,3.5433466,0,0,Microglia
XIAP,3.8156595,0,0,Microglia
KANTR,3.5771606,0,0,Microglia
AF117829.1,3.9342406,0,0,Microglia
ADAM28,1.5879583,3.30E-303,2.61E-301,Microglia
KCNMB2-AS1,4.22543,0,0,Microglia
RTF2,4.4920187,0,0,Microglia
LINC01004,3.6786163,0,0,Microglia
HPRT1,4.311421,0,0,Microglia
ZFX,3.4916966,0,0,Microglia
STAB1,2.7518106,0,0,Microglia
AC012368.1,3.6285627,0,0,Microglia
AC024145.1,4.854892,0,0,Microglia
FAM198B-AS1,4.877917,0,0,Microglia
TMEM273,4.351947,0,0,Microglia
NIPSNAP2,4.0203133,0,0,Microglia
AC018682.1,5.333395,0,0,Microglia
ZFAS1,4.626985,0,0,Microglia
LINC00513,3.8446836,0,0,Microglia
AZIN1-AS1,3.9393601,0,0,Microglia
AC008014.1,3.8306725,0,0,Microglia
IQSEC2,4.4981422,0,0,Microglia
CTSZ,2.6687472,5.80E-307,4.60E-305,Microglia
AC008105.3,4.5731244,0,0,Microglia
CSF1R,1.5870955,3.96E-291,2.94E-289,Microglia
PRKX,3.7895083,0,0,Microglia
POU2F2,2.0591412,4.67E-296,3.57E-294,Microglia
AC078845.1,4.740625,0,0,Microglia
CHM,3.3660326,0,0,Microglia
AL390728.6,5.10895,0,0,Microglia
RBM41,3.8967552,0,0,Microglia
MINDY3,4.402187,0,0,Microglia
AC005165.1,4.5809903,0,0,Microglia
SLIRP,5.035731,0,0,Microglia
SORL1,1.4434227,8.98E-284,6.44E-282,Microglia
ATP5F1C,3.9610624,0,0,Microglia
TLR7,4.0803576,0,0,Microglia
AC005154.5,5.154866,0,0,Microglia
APOE,1.7125851,7.06E-286,5.10E-284,Microglia
DOP1B,5.5029426,0,0,Microglia
FBH1,4.0372696,5.23E-308,4.17E-306,Microglia
CXorf21,4.5417385,7.33794127196486e-310,5.91E-308,Microglia
AC066613.2,3.6369894,3.01E-303,2.38E-301,Microglia
AP001977.1,5.942417,0.00E+00,5.22E-307,Microglia
MAGED1,4.0772634,6.67E-303,5.25E-301,Microglia
CA5B,3.889844,1.46E-300,1.14E-298,Microglia
B2M,1.7556963,1.76E-277,1.23E-275,Microglia
LAT2,2.1759207,1.39E-280,9.84E-279,Microglia
RPS4X,3.600472,4.92E-295,3.75E-293,Microglia
AC020611.2,4.2804203,5.27E-300,4.10E-298,Microglia
AC009554.1,4.953191,2.49E-300,1.94E-298,Microglia
LINC02642,5.110682,1.12E-299,8.69E-298,Microglia
PWWP3A,5.036023,6.36E-299,4.92E-297,Microglia
BHLHE41,1.7386767,6.31E-273,4.30E-271,Microglia
DDX3Y,4.6518135,5.62E-298,4.33E-296,Microglia
AC116366.3,3.5570636,2.56E-291,1.91E-289,Microglia
ITPRIPL2,5.400405,4.15E-298,3.21E-296,Microglia
SELENOT,3.8285205,2.55E-294,1.93E-292,Microglia
ZMAT1,3.385534,1.48E-289,1.08E-287,Microglia
ATP5F1A,5.6110945,1.78E-297,1.37E-295,Microglia
AP002336.2,4.2691436,1.15E-294,8.71E-293,Microglia
INKA2,4.681249,7.60E-295,5.78E-293,Microglia
ENOX2,3.098784,1.21E-283,8.64E-282,Microglia
LINC01736,4.0522647,3.30E-290,2.44E-288,Microglia
AC009093.2,4.3060246,2.26E-292,1.70E-290,Microglia
MORF4L2,3.760559,2.81E-288,2.05E-286,Microglia
AC068282.1,5.2041726,2.29E-293,1.72E-291,Microglia
AC027644.4,3.277197,8.52E-284,6.13E-282,Microglia
AC087721.2,4.4244356,2.10E-289,1.54E-287,Microglia
AC104389.4,5.4114075,9.40E-291,6.95E-289,Microglia
SLC49A4,4.772383,6.95E-290,5.10E-288,Microglia
AC008770.4,7.006861,8.61E-291,6.38E-289,Microglia
AC092338.1,5.4411116,3.57E-290,2.63E-288,Microglia
RPLP1,2.6420841,1.09E-273,7.46E-272,Microglia
AC008892.1,4.3845296,6.84E-287,4.97E-285,Microglia
TTR,5.695756,1.78E-288,1.29E-286,Microglia
MIR181A1HG,2.8575797,1.88E-274,1.29E-272,Microglia
KYAT3,3.926925,1.47E-283,1.05E-281,Microglia
P4HA1,1.7896994,3.94E-264,2.52E-262,Microglia
SLC25A6,4.2674,4.71E-284,3.39E-282,Microglia
SASH3,4.3249083,3.37E-283,2.40E-281,Microglia
SELENOF,3.5311615,1.34E-278,9.38E-277,Microglia
ARMCX4,3.5687163,5.12E-279,3.60E-277,Microglia
AC087286.2,5.0376887,1.06E-283,7.57E-282,Microglia
ARHGAP24,1.1598601,4.76E-253,2.86E-251,Microglia
PLXDC2,0.77764904,2.75E-251,1.63E-249,Microglia
DGLUCY,3.5405662,8.83E-275,6.09E-273,Microglia
PTPRC,1.4307292,3.46E-254,2.10E-252,Microglia
MINDY2,3.2714949,2.57E-272,1.74E-270,Microglia
POLA1,3.4395897,2.95E-273,2.02E-271,Microglia
OPHN1,3.5770004,3.64E-273,2.49E-271,Microglia
AF127577.4,6.694318,4.06E-280,2.87E-278,Microglia
BST2,3.2763808,2.14E-270,1.43E-268,Microglia
AC009950.1,4.073138,3.17E-275,2.20E-273,Microglia
MGAT4A,1.4648485,4.67E-253,2.80E-251,Microglia
ZNF81,4.5310125,2.07E-276,1.43E-274,Microglia
TTN-AS1,3.392824,6.71E-269,4.40E-267,Microglia
FP671120.1,2.860511,4.94E-264,3.15E-262,Microglia
KCNQ1OT1,3.4769673,5.02E-270,3.33E-268,Microglia
MTMR1,4.006293,2.22E-272,1.51E-270,Microglia
MTM1,3.8356874,3.31E-271,2.22E-269,Microglia
TENT4A,3.733823,3.56E-269,2.36E-267,Microglia
SELENOI,4.3331647,2.06E-272,1.40E-270,Microglia
ARHGEF9,3.7524345,3.68E-269,2.43E-267,Microglia
JAK3,2.6821504,4.60E-260,2.88E-258,Microglia
MAP4K3-DT,6.620015,6.29E-273,4.30E-271,Microglia
SINHCAF,4.1508317,4.87E-270,3.24E-268,Microglia
LY86-AS1,4.783577,5.68E-271,3.81E-269,Microglia
MARF1,4.0354886,3.08E-268,2.02E-266,Microglia
NORAD,3.5542185,1.18E-264,7.56E-263,Microglia
NUP50-DT,3.7336805,1.62E-266,1.05E-264,Microglia
AFDN,3.281504,3.42E-261,2.15E-259,Microglia
TGFBR1,1.6004934,2.65E-246,1.54E-244,Microglia
AC090517.4,3.6169376,2.01E-263,1.27E-261,Microglia
GDI1,3.523788,7.32E-262,4.61E-260,Microglia
IRF8,2.4662638,7.85E-254,4.74E-252,Microglia
PCSK1N,4.455974,2.66E-265,1.72E-263,Microglia
ACOT9,5.2550697,4.71E-266,3.05E-264,Microglia
BMP2K,1.3272046,1.46E-240,8.21E-239,Microglia
FMR1,4.264573,1.08E-263,6.84E-262,Microglia
ODR4,3.724715,1.95E-260,1.22E-258,Microglia
CYSLTR1,5.2249455,4.03E-265,2.60E-263,Microglia
MACO1,3.4301875,6.47E-259,4.02E-257,Microglia
INSYN2B,5.124121,5.02E-264,3.20E-262,Microglia
WAS,4.0841155,2.62E-261,1.65E-259,Microglia
ATP5F1B,3.9760215,4.56E-261,2.86E-259,Microglia
RPL11,2.4715378,4.72E-250,2.79E-248,Microglia
HLA-DRB5,3.6451638,4.36E-257,2.69E-255,Microglia
MAGT1,4.043997,5.41E-260,3.38E-258,Microglia
RUNX1,1.3613573,3.21E-237,1.77E-235,Microglia
SHLD2,3.4705088,5.18E-255,3.17E-253,Microglia
LY86,1.6357641,4.28E-239,2.39E-237,Microglia
AC090630.1,3.7629,1.03E-254,6.29E-253,Microglia
LINC01678,5.262434,3.91E-259,2.43E-257,Microglia
CX3CR1,1.9399166,1.79E-240,1.00E-238,Microglia
CEBPA,3.363921,2.02E-251,1.20E-249,Microglia
CXorf38,4.163958,2.39E-254,1.46E-252,Microglia
AC244453.3,3.7486575,6.52E-253,3.90E-251,Microglia
ATP5MC2,3.3094518,7.84E-251,4.65E-249,Microglia
EIPR1,4.0393367,5.40E-254,3.27E-252,Microglia
FAM222B,3.2666364,1.28E-249,7.57E-248,Microglia
AC133919.2,4.5803647,5.94E-255,3.63E-253,Microglia
DOCK8,1.1929191,1.82E-231,9.73E-230,Microglia
LAPTM5,1.683959,3.02E-235,1.65E-233,Microglia
ITGAM,2.0581908,5.53E-239,3.08E-237,Microglia
LINC00486,2.9888093,2.45E-244,1.41E-242,Microglia
AC084871.2,4.788514,2.12E-253,1.28E-251,Microglia
RRAGB,3.9212782,2.76E-250,1.63E-248,Microglia
GALNT17,4.5762434,2.88E-252,1.71E-250,Microglia
CYBA,1.9569192,4.07E-236,2.23E-234,Microglia
BTK,3.7509978,6.60E-249,3.88E-247,Microglia
LINC01909,5.2921576,1.90E-252,1.14E-250,Microglia
NCK1-DT,3.7724698,6.66E-248,3.90E-246,Microglia
CIITA,1.8816991,2.09E-233,1.13E-231,Microglia
AC012150.1,4.243576,6.45E-247,3.76E-245,Microglia
AL592183.1,3.3829951,3.06E-243,1.74E-241,Microglia
UPF3B,3.9053211,1.77E-245,1.02E-243,Microglia
SUCLG2-AS1,4.5547867,1.86E-245,1.08E-243,Microglia
AL049828.1,4.182894,1.79E-244,1.02E-242,Microglia
VPS26C,4.071642,3.57E-244,2.04E-242,Microglia
KIF9-AS1,3.86631,2.29E-242,1.30E-240,Microglia
LINC00894,3.1953063,3.75E-237,2.07E-235,Microglia
AC005258.1,4.6008286,1.49E-242,8.46E-241,Microglia
PLP1,2.475502,4.31E-228,2.25E-226,Microglia
AL118516.1,5.573993,2.60E-243,1.49E-241,Microglia
CNKSR2,4.283198,4.95E-241,2.79E-239,Microglia
SEMA6A-AS1,3.4953804,6.69E-237,3.68E-235,Microglia
EIF1AX,3.7027535,3.32E-238,1.84E-236,Microglia
AMOT,4.2816677,3.70E-239,2.08E-237,Microglia
AC114763.1,4.1226597,1.77E-238,9.85E-237,Microglia
TMEM161B-AS1,2.8889873,2.69E-230,1.42E-228,Microglia
SAP30L-AS1,4.555441,1.04E-238,5.81E-237,Microglia
AC009505.1,5.9988003,3.99E-239,2.23E-237,Microglia
SYK,1.4123341,2.64E-219,1.33E-217,Microglia
SYAP1,4.8240395,2.53E-238,1.41E-236,Microglia
IGBP1,4.5275764,1.83E-236,1.00E-234,Microglia
AC092691.1,3.7185397,6.22E-233,3.36E-231,Microglia
AL157392.2,4.272595,3.91E-235,2.13E-233,Microglia
PHF6,4.2062073,1.39E-234,7.55E-233,Microglia
TBL1X,3.4789388,8.34E-233,4.49E-231,Microglia
PTPRE,1.394953,1.84E-217,9.20E-216,Microglia
TMEM176B,2.6402051,6.42E-226,3.31E-224,Microglia
LY96,2.6564083,1.18E-225,6.09E-224,Microglia
CPLANE1,3.3140726,4.97E-229,2.61E-227,Microglia
CPED1,1.4435868,7.06E-217,3.49E-215,Microglia
FAM214A,3.1442451,2.40E-228,1.26E-226,Microglia
LINC00578,3.7992432,1.57E-231,8.39E-230,Microglia
ARHGAP15,1.247882,3.57E-214,1.74E-212,Microglia
BCOR,3.7072818,1.33E-230,7.04E-229,Microglia
RPS19,1.8456879,2.04E-218,1.02E-216,Microglia
SMIM35,3.792808,7.36E-231,3.90E-229,Microglia
TAZ,3.9325767,3.29E-231,1.75E-229,Microglia
HLA-B,2.0960917,2.18E-219,1.10E-217,Microglia
MSL3,4.1863227,3.74E-230,1.97E-228,Microglia
FAM129A,2.13326,3.37E-219,1.69E-217,Microglia
XIST,3.0394504,1.01E-222,5.16E-221,Microglia
TRIR,4.029126,7.08E-229,3.71E-227,Microglia
MIR4435-2HG,4.558438,3.42E-229,1.80E-227,Microglia
DPH6-DT,3.554237,1.53E-225,7.90E-224,Microglia
APBB1IP,1.2281644,1.18E-209,5.61E-208,Microglia
DIPK1A,4.3066316,1.58E-227,8.20E-226,Microglia
KRBOX4,3.856396,6.34E-226,3.27E-224,Microglia
SMARCA1,3.3253655,1.68E-222,8.61E-221,Microglia
SHLD1,3.396728,3.30E-222,1.69E-220,Microglia
AC087672.2,5.6238995,9.31E-228,4.85E-226,Microglia
NFATC2,1.5443492,5.21E-210,2.49E-208,Microglia
CHST11,1.075349,1.21E-206,5.70E-205,Microglia
MPP1,4.71711,9.71E-225,4.99E-223,Microglia
UBR5-AS1,4.537705,6.17E-222,3.15E-220,Microglia
SLC16A1-AS1,3.240495,7.91E-217,3.90E-215,Microglia
AD000864.1,5.334275,1.53E-221,7.81E-220,Microglia
AL162414.1,3.5532434,2.76E-217,1.37E-215,Microglia
PIM1,3.619305,6.63E-217,3.29E-215,Microglia
RPS24,2.2053542,1.43E-209,6.83E-208,Microglia
RAB30-AS1,3.4749405,1.76E-216,8.70E-215,Microglia
ATP6AP2,3.6664755,2.39E-217,1.19E-215,Microglia
RASSF8-AS1,4.8459477,1.44E-219,7.27E-218,Microglia
UBA1,3.5507183,1.19E-215,5.83E-214,Microglia
KHDC4,3.7928772,3.93E-217,1.95E-215,Microglia
FRMPD4,4.8174477,3.24E-219,1.63E-217,Microglia
LINC02649,5.21853,9.96E-219,5.00E-217,Microglia
AC078883.1,4.245996,2.47E-216,1.22E-214,Microglia
ZNF75D,3.7219367,2.00E-214,9.75E-213,Microglia
AC011529.1,25.774197,2.49E-217,1.24E-215,Microglia
PAXX,3.846017,5.82E-214,2.83E-212,Microglia
ATP6AP1,3.5791109,3.17E-213,1.53E-211,Microglia
AC242426.2,3.9811156,1.27E-214,6.23E-213,Microglia
PIP4P2,3.8368435,7.02E-214,3.40E-212,Microglia
PHF8,3.8421283,4.05E-213,1.95E-211,Microglia
GEMIN7-AS1,4.560011,1.47E-214,7.18E-213,Microglia
GABPB1-AS1,3.0727606,1.76E-208,8.36E-207,Microglia
AC129492.1,4.962373,3.11E-213,1.50E-211,Microglia
AC017101.1,4.8079343,7.68E-213,3.70E-211,Microglia
AP001011.1,4.6284637,3.10E-212,1.49E-210,Microglia
IRAK1,4.760788,3.04E-211,1.46E-209,Microglia
BCAP31,3.4145975,7.22E-207,3.41E-205,Microglia
LINC01184,3.0250533,9.63E-206,4.51E-204,Microglia
AC007192.2,4.9721804,1.02E-210,4.86E-209,Microglia
ALOX12-AS1,3.4658377,2.22E-205,1.03E-203,Microglia
ITGB2,2.139348,3.44E-198,1.56E-196,Microglia
AC004918.1,3.5582058,2.66E-205,1.24E-203,Microglia
AC090907.2,4.0557,2.68E-206,1.26E-204,Microglia
SLC9A6,4.2987413,5.95E-207,2.81E-205,Microglia
PARP14,1.6744787,1.39E-195,6.27E-194,Microglia
AC009061.2,4.992375,4.99E-208,2.36E-206,Microglia
FCER1G,2.6358166,8.57E-201,3.93E-199,Microglia
ZRSR2,3.8879666,1.30E-205,6.10E-204,Microglia
WARS2-AS1,5.076391,3.56E-207,1.69E-205,Microglia
MEF2A,0.9734944,8.60E-191,3.76E-189,Microglia
NEK6,2.365741,8.23E-198,3.72E-196,Microglia
AL035530.2,4.8531923,7.48E-206,3.51E-204,Microglia
SLCO2B1,1.256513,2.19E-190,9.53E-189,Microglia
ITPRID2,5.1604414,1.61E-205,7.51E-204,Microglia
HDGFL3,3.5957606,1.80E-202,8.31E-201,Microglia
HDX,3.8786035,2.51E-203,1.16E-201,Microglia
BEX1,5.4877663,2.70E-205,1.26E-203,Microglia
CD14,2.0256994,1.02E-194,4.58E-193,Microglia
BEX4,4.3890038,2.64E-203,1.22E-201,Microglia
HDAC8,2.9850783,1.98E-198,8.99E-197,Microglia
GAS6,1.9893818,4.48E-193,2.00E-191,Microglia
PLCG2,1.420903,7.59E-190,3.29E-188,Microglia
FAM85B,3.8792367,5.44E-201,2.50E-199,Microglia
SELENOO,3.355854,8.22E-199,3.74E-197,Microglia
LINC00996,4.9150147,5.35E-202,2.46E-200,Microglia
AC069549.1,5.1506395,1.26E-201,5.78E-200,Microglia
LINC00662,4.0724983,8.01E-200,3.67E-198,Microglia
GAS6-AS1,3.942988,7.88E-199,3.59E-197,Microglia
PCDH9,4.6081533,0,0,Microglia(PCDH9high)
CTNNA3,4.990537,0,0,Microglia(PCDH9high)
PPP2R2B,5.0937486,0,0,Microglia(PCDH9high)
MAGI2,4.242251,0,0,Microglia(PCDH9high)
ST18,5.430189,0,0,Microglia(PCDH9high)
DLG2,3.1728964,0,0,Microglia(PCDH9high)
SLC24A2,4.9412003,0,0,Microglia(PCDH9high)
RNF220,5.400671,0,0,Microglia(PCDH9high)
NCAM2,3.9657357,0,0,Microglia(PCDH9high)
MBP,3.370705,0,0,Microglia(PCDH9high)
SLC44A1,4.1264324,0,0,Microglia(PCDH9high)
PTPRD,3.7069001,0,0,Microglia(PCDH9high)
FRMD5,4.895346,0,0,Microglia(PCDH9high)
NKAIN2,3.8336976,0,0,Microglia(PCDH9high)
PDE4B,3.0949376,0,0,Microglia(PCDH9high)
TMTC2,4.568306,0,0,Microglia(PCDH9high)
CADM2,3.2266347,0,0,Microglia(PCDH9high)
ANK3,3.779825,0,0,Microglia(PCDH9high)
SPOCK1,4.7182317,0,0,Microglia(PCDH9high)
PIP4K2A,2.9696798,0,0,Microglia(PCDH9high)
PHLPP1,4.1526895,0,0,Microglia(PCDH9high)
SIK3,3.0348625,0,0,Microglia(PCDH9high)
MAP7,4.0425634,0,0,Microglia(PCDH9high)
TTLL7,4.1544156,0,0,Microglia(PCDH9high)
TMEM144,4.0424957,0,0,Microglia(PCDH9high)
UNC5C,4.108643,0,0,Microglia(PCDH9high)
PLCL1,3.451709,0,0,Microglia(PCDH9high)
DNM3,3.5859187,0,0,Microglia(PCDH9high)
NCAM1,4.007323,0,0,Microglia(PCDH9high)
ANK2,3.159621,0,0,Microglia(PCDH9high)
EDIL3,3.7529807,0,0,Microglia(PCDH9high)
PRUNE2,4.7306423,0,0,Microglia(PCDH9high)
SPOCK3,4.0181465,0,0,Microglia(PCDH9high)
DOCK5,3.5091856,0,0,Microglia(PCDH9high)
ZNF536,5.222913,0,0,Microglia(PCDH9high)
PDE1C,4.7780504,0,0,Microglia(PCDH9high)
SLAIN1,4.1217504,0,0,Microglia(PCDH9high)
AGAP1,3.7763023,0,0,Microglia(PCDH9high)
PEX5L,3.43695,0,0,Microglia(PCDH9high)
PTPRK,4.094399,0,0,Microglia(PCDH9high)
NRXN3,3.310914,0,0,Microglia(PCDH9high)
C10orf90,5.5249395,0,0,Microglia(PCDH9high)
TRIM2,3.736823,0,0,Microglia(PCDH9high)
TMEM165,3.0326197,0,0,Microglia(PCDH9high)
NPAS3,2.8866465,0,0,Microglia(PCDH9high)
AKAP6,3.6858678,0,0,Microglia(PCDH9high)
KIRREL3,4.3274965,0,0,Microglia(PCDH9high)
NTM,3.8382013,0,0,Microglia(PCDH9high)
C10orf11,2.8741546,0,0,Microglia(PCDH9high)
CREB5,4.4931226,0,0,Microglia(PCDH9high)
ERBB4,3.1538825,0,0,Microglia(PCDH9high)
QKI,1.4299527,0,0,Microglia(PCDH9high)
NLGN1,2.83356,0,0,Microglia(PCDH9high)
OTUD7A,4.0963306,0,0,Microglia(PCDH9high)
CLASP2,2.560609,0,0,Microglia(PCDH9high)
DNAJC6,3.9168732,0,0,Microglia(PCDH9high)
DLG1,2.7710178,0,0,Microglia(PCDH9high)
SGK1,2.7272472,0,0,Microglia(PCDH9high)
NCKAP5,2.5339947,0,0,Microglia(PCDH9high)
7-Sep,2.7841144,0,0,Microglia(PCDH9high)
FBXL7,4.5227165,0,0,Microglia(PCDH9high)
FRYL,2.5779855,0,0,Microglia(PCDH9high)
LIMCH1,3.5373826,0,0,Microglia(PCDH9high)
MOBP,4.304968,0,0,Microglia(PCDH9high)
CLMN,5.001416,0,0,Microglia(PCDH9high)
DLC1,4.299615,0,0,Microglia(PCDH9high)
PLEKHH1,4.4299088,0,0,Microglia(PCDH9high)
PALM2,5.0091186,0,0,Microglia(PCDH9high)
RP11-654K19.6,5.556674,0,0,Microglia(PCDH9high)
LRP1B,2.4157488,0,0,Microglia(PCDH9high)
LSAMP,2.2158697,0,0,Microglia(PCDH9high)
CDH20,4.108493,0,0,Microglia(PCDH9high)
MAN2A1,2.403707,0,0,Microglia(PCDH9high)
ENPP2,4.2362857,0,0,Microglia(PCDH9high)
APBB2,4.052729,0,0,Microglia(PCDH9high)
CTNND2,2.9607956,0,0,Microglia(PCDH9high)
CERCAM,4.4663486,0,0,Microglia(PCDH9high)
DIP2C,3.2692585,0,0,Microglia(PCDH9high)
KCNH8,4.6567764,0,0,Microglia(PCDH9high)
SH3GL3,3.872503,0,0,Microglia(PCDH9high)
SLCO3A1,4.371194,0,0,Microglia(PCDH9high)
ENOX1,3.4335551,0,0,Microglia(PCDH9high)
ZBTB16,2.3020005,0,0,Microglia(PCDH9high)
KLHL32,4.202934,0,0,Microglia(PCDH9high)
PXK,3.721589,0,0,Microglia(PCDH9high)
DPYD,2.2683058,0,0,Microglia(PCDH9high)
ARAP2,2.9106593,0,0,Microglia(PCDH9high)
ATP8A1,2.9942486,0,0,Microglia(PCDH9high)
ANO4,4.119738,0,0,Microglia(PCDH9high)
SCD5,3.6319592,0,0,Microglia(PCDH9high)
ANKS1B,2.387134,0,0,Microglia(PCDH9high)
CDC42BPA,3.0707533,0,0,Microglia(PCDH9high)
USP54,3.9945579,0,0,Microglia(PCDH9high)
ERBIN,2.2425385,0,0,Microglia(PCDH9high)
FAM107B,3.8229961,0,0,Microglia(PCDH9high)
PDE1A,3.1938765,0,0,Microglia(PCDH9high)
ADGRB3,1.9929136,0,0,Microglia(PCDH9high)
TMEFF2,3.5252433,0,0,Microglia(PCDH9high)
BCAS1,4.4001966,0,0,Microglia(PCDH9high)
RAPGEF5,3.0448935,0,0,Microglia(PCDH9high)
KANK1,4.479513,0,0,Microglia(PCDH9high)
FUT8,2.774138,0,0,Microglia(PCDH9high)
GRID1,3.774001,0,0,Microglia(PCDH9high)
TJP1,2.7249799,0,0,Microglia(PCDH9high)
DAAM2,4.682909,0,0,Microglia(PCDH9high)
PDE8A,2.3937514,0,0,Microglia(PCDH9high)
SHTN1,1.749074,0,0,Microglia(PCDH9high)
PTK2,2.0563977,0,0,Microglia(PCDH9high)
DOCK3,2.6351483,0,0,Microglia(PCDH9high)
CNTNAP4,4.02066,0,0,Microglia(PCDH9high)
GRM3,3.839619,0,0,Microglia(PCDH9high)
COBL,4.2483864,0,0,Microglia(PCDH9high)
DOCK9,3.6362164,0,0,Microglia(PCDH9high)
ZBTB20,1.4589739,0,0,Microglia(PCDH9high)
POLR2F,4.385754,0,0,Microglia(PCDH9high)
HECW2,3.645509,0,0,Microglia(PCDH9high)
EXOC6B,2.0871906,0,0,Microglia(PCDH9high)
ARHGAP21,1.9319792,0,0,Microglia(PCDH9high)
DSCAML1,4.236444,0,0,Microglia(PCDH9high)
SYNJ2,4.4282665,0,0,Microglia(PCDH9high)
TF,3.4918246,0,0,Microglia(PCDH9high)
PARK2,2.712394,0,0,Microglia(PCDH9high)
AGPAT4,3.539389,0,0,Microglia(PCDH9high)
KCNMB4,3.3497238,0,0,Microglia(PCDH9high)
AK5,3.0367074,0,0,Microglia(PCDH9high)
ATP10B,4.741373,0,0,Microglia(PCDH9high)
MYO1D,3.3686106,0,0,Microglia(PCDH9high)
DIP2B,1.6140786,0,0,Microglia(PCDH9high)
CADM1,2.653696,0,0,Microglia(PCDH9high)
PKP4,2.7696145,0,0,Microglia(PCDH9high)
CACNA2D1,2.49364,0,0,Microglia(PCDH9high)
DST,1.7505668,0,0,Microglia(PCDH9high)
DOCK1,3.8490846,0,0,Microglia(PCDH9high)
CNDP1,3.9901295,0,0,Microglia(PCDH9high)
ADIPOR2,2.5366495,0,0,Microglia(PCDH9high)
LPGAT1,2.6896443,0,0,Microglia(PCDH9high)
SAMD12,2.367239,0,0,Microglia(PCDH9high)
GAB1,2.1582177,0,0,Microglia(PCDH9high)
NALCN,3.2184331,0,0,Microglia(PCDH9high)
PPM1B,2.8707333,0,0,Microglia(PCDH9high)
RFTN2,4.4344764,0,0,Microglia(PCDH9high)
1-Mar,1.5352414,0,0,Microglia(PCDH9high)
PSD3,2.1776147,0,0,Microglia(PCDH9high)
NFASC,3.9107146,0,0,Microglia(PCDH9high)
FRMD4B,1.935317,0,0,Microglia(PCDH9high)
C9orf3,2.4440868,0,0,Microglia(PCDH9high)
ASTN2,3.2444034,0,0,Microglia(PCDH9high)
GPHN,1.8795756,0,0,Microglia(PCDH9high)
CDK19,2.1361053,0,0,Microglia(PCDH9high)
PHACTR3,3.9008868,0,0,Microglia(PCDH9high)
HHIP,3.7061875,0,0,Microglia(PCDH9high)
IGSF11,3.6304243,0,0,Microglia(PCDH9high)
MOG,4.1516743,0,0,Microglia(PCDH9high)
HIP1,3.4465072,0,0,Microglia(PCDH9high)
PPM1H,3.5944362,0,0,Microglia(PCDH9high)
AUTS2,1.372802,0,0,Microglia(PCDH9high)
HS3ST5,4.1612372,0,0,Microglia(PCDH9high)
ROBO1,2.398265,0,0,Microglia(PCDH9high)
FNBP1,2.2610319,0,0,Microglia(PCDH9high)
ABCA2,3.607456,0,0,Microglia(PCDH9high)
KIF6,4.493152,0,0,Microglia(PCDH9high)
SLCO1A2,4.0978127,0,0,Microglia(PCDH9high)
ABCA8,4.3504167,0,0,Microglia(PCDH9high)
CNTNAP2,1.7814218,0,0,Microglia(PCDH9high)
RNF144A,4.0006657,0,0,Microglia(PCDH9high)
PHLDB1,4.3109803,0,0,Microglia(PCDH9high)
FGFR2,4.1801744,0,0,Microglia(PCDH9high)
FAM13C,3.9068763,0,0,Microglia(PCDH9high)
KIF1B,2.1987026,0,0,Microglia(PCDH9high)
LRRC7,1.9176527,0,0,Microglia(PCDH9high)
GNAO1,3.2696815,0,0,Microglia(PCDH9high)
EVA1C,3.7661326,0,0,Microglia(PCDH9high)
C1QTNF3-AMACR,2.7865922,0,0,Microglia(PCDH9high)
JAM3,3.1734595,0,0,Microglia(PCDH9high)
COLGALT2,4.03027,0,0,Microglia(PCDH9high)
SH3D19,3.1998732,0,0,Microglia(PCDH9high)
LRRC1,3.701715,0,0,Microglia(PCDH9high)
OSBPL1A,2.0271912,0,0,Microglia(PCDH9high)
SEMA6A,3.5767605,5.308018e-317,4.31086889e-315,Microglia(PCDH9high)
KIF13A,2.5274563,1.61715e-317,1.316294965e-315,Microglia(PCDH9high)
GALNT13,2.8358166,1.1559064e-315,9.366703444e-314,Microglia(PCDH9high)
LAMA2,3.868086,2.42794495185e-313,1.963074425067e-311,Microglia(PCDH9high)
ANKRD28,2.852006,2.7677717940246e-310,2.23E-308,Microglia(PCDH9high)
MAPT,3.3209248,2.67E-308,2.13E-306,Microglia(PCDH9high)
ANKIB1,2.0083103,0,0,Microglia(PCDH9high)
HIPK2,2.0473163,0.00E+00,4.72E-307,Microglia(PCDH9high)
TULP4,2.0640528,8.08E-308,6.43E-306,Microglia(PCDH9high)
LRP2,4.397836,1.07E-300,8.34E-299,Microglia(PCDH9high)
MAGI1,2.0219831,1.18E-301,9.26E-300,Microglia(PCDH9high)
TSPAN5,2.5450926,8.32E-298,6.40E-296,Microglia(PCDH9high)
PCSK6,4.375265,5.84E-294,4.42E-292,Microglia(PCDH9high)
CCDC88A,1.5500691,5.85E-302,4.60E-300,Microglia(PCDH9high)
ELMO1,0.92305636,1.90E-307,1.51E-305,Microglia(PCDH9high)
SLC5A11,4.372682,3.58E-291,2.66E-289,Microglia(PCDH9high)
APP,1.9195291,4.32E-297,3.31E-295,Microglia(PCDH9high)
ANLN,3.6130874,1.75E-291,1.31E-289,Microglia(PCDH9high)
ARFGEF3,2.9743276,2.47E-291,1.84E-289,Microglia(PCDH9high)
ADAMTS18,4.8399134,5.04E-289,3.68E-287,Microglia(PCDH9high)
NCOA7,2.0860355,1.05E-293,7.92E-292,Microglia(PCDH9high)
NEO1,2.6260712,1.51E-291,1.13E-289,Microglia(PCDH9high)
FOLH1,4.0823836,1.84E-286,1.33E-284,Microglia(PCDH9high)
UGT8,3.4449043,8.04E-286,5.81E-284,Microglia(PCDH9high)
CDK18,3.3077154,3.87E-282,2.75E-280,Microglia(PCDH9high)
PRR5L,4.4627047,6.09E-279,4.27E-277,Microglia(PCDH9high)
PTBP2,1.7928997,7.72E-281,5.48E-279,Microglia(PCDH9high)
KCNAB1,2.778874,1.82E-276,1.27E-274,Microglia(PCDH9high)
LPAR1,1.8271947,1.31E-279,9.25E-278,Microglia(PCDH9high)
SORT1,1.6470495,1.02E-279,7.20E-278,Microglia(PCDH9high)
PPFIA2,1.9172546,6.94E-279,4.85E-277,Microglia(PCDH9high)
ZDHHC20,2.4980583,1.54E-274,1.06E-272,Microglia(PCDH9high)
PIEZO2,4.031802,5.11E-272,3.44E-270,Microglia(PCDH9high)
RASGRF2,3.3931227,1.09E-272,7.43E-271,Microglia(PCDH9high)
CNTN2,3.573548,9.73E-272,6.54E-270,Microglia(PCDH9high)
ZNF652,1.8207545,1.48E-275,1.02E-273,Microglia(PCDH9high)
MOB3B,2.634791,2.90E-272,1.96E-270,Microglia(PCDH9high)
LANCL1,2.8611288,9.26E-270,6.13E-268,Microglia(PCDH9high)
SLC22A15,3.7378125,7.60E-268,4.97E-266,Microglia(PCDH9high)
ZNF708,2.6547253,4.87E-269,3.21E-267,Microglia(PCDH9high)
MLLT4,3.1372135,2.32E-267,1.51E-265,Microglia(PCDH9high)
ADD3,2.6960475,2.58E-266,1.67E-264,Microglia(PCDH9high)
MBNL2,1.5744698,1.69E-270,1.13E-268,Microglia(PCDH9high)
KCTD8,3.107881,9.37E-265,6.01E-263,Microglia(PCDH9high)
ZFYVE16,2.0100546,2.90E-267,1.89E-265,Microglia(PCDH9high)
FA2H,4.3801317,1.93E-263,1.23E-261,Microglia(PCDH9high)
PPP1R9A,2.609769,1.72E-265,1.11E-263,Microglia(PCDH9high)
PLPPR1,3.7126684,3.10E-263,1.96E-261,Microglia(PCDH9high)
SGIP1,2.5865226,6.28E-265,4.04E-263,Microglia(PCDH9high)
ALCAM,1.6746035,1.17E-267,7.67E-266,Microglia(PCDH9high)
NDRG1,3.292036,9.65E-263,6.10E-261,Microglia(PCDH9high)
KCNIP4,1.3580109,9.57E-271,6.40E-269,Microglia(PCDH9high)
RBFOX1,1.3899715,6.35E-269,4.18E-267,Microglia(PCDH9high)
STK39,3.1287591,1.04E-259,6.49E-258,Microglia(PCDH9high)
OPALIN,3.595879,5.57E-258,3.45E-256,Microglia(PCDH9high)
PPP1R16B,4.033009,3.73E-257,2.31E-255,Microglia(PCDH9high)
MEGF10,3.9130204,1.75E-256,1.08E-254,Microglia(PCDH9high)
AMER2,3.1479187,1.76E-256,1.08E-254,Microglia(PCDH9high)
ZNF704,3.3304644,5.13E-256,3.14E-254,Microglia(PCDH9high)
CARNS1,3.5430498,2.93E-254,1.78E-252,Microglia(PCDH9high)
EFHD1,4.0339513,3.66E-253,2.20E-251,Microglia(PCDH9high)
CDC14B,2.0199883,2.99E-256,1.83E-254,Microglia(PCDH9high)
AGTPBP1,1.8943274,1.85E-256,1.14E-254,Microglia(PCDH9high)
TMEM63A,2.9371197,9.92E-253,5.93E-251,Microglia(PCDH9high)
CD22,4.781961,4.08E-248,2.39E-246,Microglia(PCDH9high)
CHKA,1.580776,3.00E-253,1.81E-251,Microglia(PCDH9high)
LDB3,4.580448,1.53E-247,8.91E-246,Microglia(PCDH9high)
LIFR,3.1736965,1.88E-247,1.09E-245,Microglia(PCDH9high)
PHYHIPL,2.973458,1.19E-247,6.94E-246,Microglia(PCDH9high)
PSEN1,1.902434,2.52E-249,1.48E-247,Microglia(PCDH9high)
QDPR,2.5172215,1.97E-245,1.14E-243,Microglia(PCDH9high)
TECPR2,2.7882783,9.73E-245,5.59E-243,Microglia(PCDH9high)
MXI1,2.8381546,2.33E-243,1.33E-241,Microglia(PCDH9high)
KIF13B,1.9647717,5.12E-245,2.95E-243,Microglia(PCDH9high)
C16orf62,3.3487186,2.40E-242,1.36E-240,Microglia(PCDH9high)
ATXN1,1.3173422,5.99E-246,3.48E-244,Microglia(PCDH9high)
RYBP,2.004425,3.69E-242,2.09E-240,Microglia(PCDH9high)
NFIA,1.4196119,5.14E-245,2.96E-243,Microglia(PCDH9high)
ADGRL3,1.7067475,2.29E-242,1.30E-240,Microglia(PCDH9high)
SEC14L5,4.1372843,9.69E-238,5.36E-236,Microglia(PCDH9high)
NEGR1,1.6880343,6.88E-242,3.88E-240,Microglia(PCDH9high)
SRCIN1,3.4053714,1.40E-234,7.60E-233,Microglia(PCDH9high)
NAALADL2,1.5553119,1.17E-238,6.51E-237,Microglia(PCDH9high)
C14orf37,2.283089,4.50E-236,2.46E-234,Microglia(PCDH9high)
FAM134B,4.20061,1.11E-232,5.97E-231,Microglia(PCDH9high)
SVEP1,3.882075,1.74E-232,9.34E-231,Microglia(PCDH9high)
SASH1,3.1349366,8.17E-233,4.41E-231,Microglia(PCDH9high)
KIAA1324L,3.1099994,1.36E-232,7.27E-231,Microglia(PCDH9high)
PAPD4,2.4076838,3.33E-232,1.78E-230,Microglia(PCDH9high)
ZZZ3,2.9305038,3.67E-231,1.95E-229,Microglia(PCDH9high)
TRIM9,2.097032,1.10E-232,5.91E-231,Microglia(PCDH9high)
MTUS1,1.7702355,3.90E-233,2.11E-231,Microglia(PCDH9high)
PLA2G16,2.5825446,6.19E-231,3.29E-229,Microglia(PCDH9high)
WWOX,1.3034008,4.24E-235,2.31E-233,Microglia(PCDH9high)
RFWD2,2.2157826,7.12E-231,3.78E-229,Microglia(PCDH9high)
FAM124A,4.3457165,3.70E-228,1.93E-226,Microglia(PCDH9high)
PPP1R12B,1.8452183,3.10E-230,1.63E-228,Microglia(PCDH9high)
FMNL2,1.1707878,7.29E-234,3.96E-232,Microglia(PCDH9high)
ROR1,4.582143,1.35E-226,7.01E-225,Microglia(PCDH9high)
AATK,3.2941518,8.10E-227,4.20E-225,Microglia(PCDH9high)
WDPCP,1.8159065,5.71E-227,2.96E-225,Microglia(PCDH9high)
BCAS3,1.4042597,1.12E-227,5.81E-226,Microglia(PCDH9high)
TTLL11,2.7896714,3.28E-221,1.67E-219,Microglia(PCDH9high)
LIPA,2.129899,3.10E-221,1.58E-219,Microglia(PCDH9high)
CCP110,2.7322838,2.35E-220,1.19E-218,Microglia(PCDH9high)
SLC22A23,1.967456,2.37E-221,1.21E-219,Microglia(PCDH9high)
PBX1,2.215643,1.11E-220,5.64E-219,Microglia(PCDH9high)
MYO6,2.099472,6.49E-218,3.24E-216,Microglia(PCDH9high)
ADD1,1.8248756,3.69E-218,1.84E-216,Microglia(PCDH9high)
IQCJ-SCHIP1,1.7090033,6.56E-219,3.30E-217,Microglia(PCDH9high)
MYRF,3.6774528,4.10E-214,1.99E-212,Microglia(PCDH9high)
RYR2,1.610987,7.02E-217,3.48E-215,Microglia(PCDH9high)
TNIK,2.0198286,1.53E-214,7.49E-213,Microglia(PCDH9high)
ADARB2,2.8060775,4.65E-212,2.23E-210,Microglia(PCDH9high)
DOCK10,1.0792934,2.41E-216,1.18E-214,Microglia(PCDH9high)
PDE4D,1.3731081,6.99E-214,3.39E-212,Microglia(PCDH9high)
KIAA1370,2.8963358,1.92E-209,9.16E-208,Microglia(PCDH9high)
ZEB2,1.0053463,5.17E-215,2.53E-213,Microglia(PCDH9high)
STARD13,1.6669644,3.15E-211,1.51E-209,Microglia(PCDH9high)
NECAB1,2.4156928,5.30E-209,2.52E-207,Microglia(PCDH9high)
RAB30,3.2989469,3.45E-205,1.61E-203,Microglia(PCDH9high)
MAP4K5,1.6643399,7.64E-207,3.60E-205,Microglia(PCDH9high)
NRXN1,1.3857703,3.59E-208,1.70E-206,Microglia(PCDH9high)
ASPA,4.1177354,2.26E-203,1.05E-201,Microglia(PCDH9high)
BACH2,3.1532845,2.63E-203,1.22E-201,Microglia(PCDH9high)
ACYP2,1.6257823,2.15E-205,1.00E-203,Microglia(PCDH9high)
ENOSF1,2.833997,4.67E-203,2.16E-201,Microglia(PCDH9high)
PLLP,3.5441577,4.11E-200,1.88E-198,Microglia(PCDH9high)
SH3TC2,4.240056,2.14E-195,9.63E-194,Microglia(PCDH9high)
ARHGAP23,3.7768428,1.82E-194,8.14E-193,Microglia(PCDH9high)
CDH19,3.6581717,3.14E-194,1.40E-192,Microglia(PCDH9high)
AC109326.1,3.5410686,1.24E-191,5.43E-190,Microglia(PCDH9high)
GRIK2,1.491727,1.44E-194,6.48E-193,Microglia(PCDH9high)
NDE1,2.673635,8.76E-192,3.86E-190,Microglia(PCDH9high)
MPDZ,2.5640237,1.03E-191,4.55E-190,Microglia(PCDH9high)
KAT2B,1.8645966,6.89E-192,3.04E-190,Microglia(PCDH9high)
OTUD7B,3.661562,4.53E-190,1.97E-188,Microglia(PCDH9high)
PALM2-AKAP2,4.1536117,1.56E-189,6.77E-188,Microglia(PCDH9high)
SGMS1,1.3419967,1.94E-192,8.62E-191,Microglia(PCDH9high)
KIAA0368,2.2929313,1.11E-190,4.85E-189,Microglia(PCDH9high)
IQGAP1,2.2112832,4.19E-190,1.82E-188,Microglia(PCDH9high)
SPTLC2,1.1506144,1.04E-191,4.55E-190,Microglia(PCDH9high)
GRB10,3.7949495,2.66E-187,1.14E-185,Microglia(PCDH9high)
KIAA1958,3.0659108,3.01E-187,1.28E-185,Microglia(PCDH9high)
PRKACB,1.6391886,1.05E-188,4.52E-187,Microglia(PCDH9high)
NOVA1,2.2104332,2.57E-187,1.10E-185,Microglia(PCDH9high)
HAPLN2,3.5925512,5.65E-186,2.40E-184,Microglia(PCDH9high)
BRE,2.115785,2.00E-186,8.51E-185,Microglia(PCDH9high)
JAKMIP2,2.5958421,1.82E-185,7.70E-184,Microglia(PCDH9high)
KAZN,1.9769815,8.99E-186,3.82E-184,Microglia(PCDH9high)
NT5DC1,2.3090682,3.77E-185,1.59E-183,Microglia(PCDH9high)
MBOAT2,2.6162975,5.04E-184,2.11E-182,Microglia(PCDH9high)
GRIA4,2.292584,2.86E-184,1.20E-182,Microglia(PCDH9high)
IKZF2,1.7734658,9.55E-185,4.03E-183,Microglia(PCDH9high)
FAM69A,2.4860482,1.08E-183,4.48E-182,Microglia(PCDH9high)
GPRC5B,2.8093033,3.79E-183,1.57E-181,Microglia(PCDH9high)
LARGE,2.141471,1.05E-183,4.38E-182,Microglia(PCDH9high)
ITGA2,3.9232056,3.36E-181,1.37E-179,Microglia(PCDH9high)
ROBO2,1.3630176,1.83E-184,7.67E-183,Microglia(PCDH9high)
GRIA2,1.465043,2.10E-183,8.71E-182,Microglia(PCDH9high)
SPTBN1,2.1596098,1.18E-181,4.86E-180,Microglia(PCDH9high)
LGR5,4.400963,1.07E-179,4.34E-178,Microglia(PCDH9high)
GATS,3.7328374,6.49E-180,2.63E-178,Microglia(PCDH9high)
BBS2,2.5918686,1.81E-180,7.38E-179,Microglia(PCDH9high)
NTRK2,1.7272472,1.20E-181,4.93E-180,Microglia(PCDH9high)
SLC12A2,2.4123156,2.75E-180,1.12E-178,Microglia(PCDH9high)
HOMER1,1.6025753,7.92E-182,3.26E-180,Microglia(PCDH9high)
MICAL3,2.4559479,6.17E-180,2.50E-178,Microglia(PCDH9high)
NAV1,2.2233243,2.52E-179,1.02E-177,Microglia(PCDH9high)
ZCCHC11,2.3622952,6.62E-179,2.66E-177,Microglia(PCDH9high)
MTMR7,3.3158655,5.12E-178,2.05E-176,Microglia(PCDH9high)
CALD1,3.1482835,7.29E-178,2.91E-176,Microglia(PCDH9high)
FIGN,3.3583853,9.90E-178,3.95E-176,Microglia(PCDH9high)
VRK2,1.7217505,7.63E-178,3.04E-176,Microglia(PCDH9high)
TTYH2,2.452621,6.24E-177,2.47E-175,Microglia(PCDH9high)
SRPK2,1.3629093,4.81E-176,1.89E-174,Microglia(PCDH9high)
TP53TG5,3.811544,1.51E-173,5.84E-172,Microglia(PCDH9high)
CLIC4,2.7457013,1.72E-172,6.67E-171,Microglia(PCDH9high)
ZFHX4,3.539447,5.96E-172,2.30E-170,Microglia(PCDH9high)
CSMD1,1.178174,9.30E-175,3.63E-173,Microglia(PCDH9high)
TNRC6C,1.9410824,2.96E-172,1.14E-170,Microglia(PCDH9high)
FYN,2.6088972,1.75E-171,6.71E-170,Microglia(PCDH9high)
GNAI1,2.623387,4.14E-171,1.59E-169,Microglia(PCDH9high)
GLTSCR1L,2.4495492,2.55E-171,9.77E-170,Microglia(PCDH9high)
SAMD4B,2.0423214,1.46E-171,5.63E-170,Microglia(PCDH9high)
LRRTM4,1.4393367,2.04E-172,7.89E-171,Microglia(PCDH9high)
ITGB8,2.9074595,2.17E-170,8.28E-169,Microglia(PCDH9high)
ABTB2,4.388024,3.14E-169,1.18E-167,Microglia(PCDH9high)
MAL,3.3628752,1.72E-169,6.47E-168,Microglia(PCDH9high)
ABHD17B,2.4982939,7.01E-170,2.66E-168,Microglia(PCDH9high)
MAPK10,1.404383,1.69E-169,6.38E-168,Microglia(PCDH9high)
PLD1,1.595677,3.50E-168,1.31E-166,Microglia(PCDH9high)
SGK3,1.4590396,1.34E-167,4.99E-166,Microglia(PCDH9high)
LRRC4C,1.4880627,1.07E-167,4.01E-166,Microglia(PCDH9high)
ZCCHC24,2.7284188,2.55E-164,9.28E-163,Microglia(PCDH9high)
CTTNBP2,1.0757842,9.04E-167,3.34E-165,Microglia(PCDH9high)
LTBP1,3.8148322,2.94E-163,1.06E-161,Microglia(PCDH9high)
SESTD1,2.657752,1.61E-163,5.84E-162,Microglia(PCDH9high)
PPP2R3A,2.9101658,5.82E-162,2.09E-160,Microglia(PCDH9high)
NRG3,1.1749032,9.48E-163,3.42E-161,Microglia(PCDH9high)
MDGA2,1.7079548,3.90E-161,1.39E-159,Microglia(PCDH9high)
OSBP2,2.783807,1.36E-158,4.78E-157,Microglia(PCDH9high)
PTPN13,2.0492952,9.56E-159,3.38E-157,Microglia(PCDH9high)
MLLT3,1.9686137,9.34E-158,3.28E-156,Microglia(PCDH9high)
MAP4K4,1.001543,1.92E-159,6.81E-158,Microglia(PCDH9high)
MAG,2.613165,2.32E-156,8.06E-155,Microglia(PCDH9high)
RP11-219A15.1,2.3855748,3.04E-155,1.05E-153,Microglia(PCDH9high)
UBE4B,1.6584706,1.52E-155,5.29E-154,Microglia(PCDH9high)
CPOX,2.975717,1.05E-153,3.57E-152,Microglia(PCDH9high)
SPG20,3.0466363,2.62E-153,8.94E-152,Microglia(PCDH9high)
EPN2,1.7752999,5.23E-154,1.79E-152,Microglia(PCDH9high)
BTBD3,2.149101,2.84E-153,9.66E-152,Microglia(PCDH9high)
CCSER1,1.2540823,1.66E-154,5.71E-153,Microglia(PCDH9high)
LRRTM3,2.229121,6.05E-153,2.06E-151,Microglia(PCDH9high)
ZNF365,3.3582351,7.56E-152,2.56E-150,Microglia(PCDH9high)
DPYSL5,3.6935213,1.53E-151,5.17E-150,Microglia(PCDH9high)
ZKSCAN1,1.8281264,9.49E-151,3.18E-149,Microglia(PCDH9high)
KLF7,1.3299792,1.95E-151,6.57E-150,Microglia(PCDH9high)
FOXP1,1.4014432,4.97E-151,1.67E-149,Microglia(PCDH9high)
PTN,2.9475713,1.77E-149,5.89E-148,Microglia(PCDH9high)
RCAN2,2.7739887,3.65E-149,1.22E-147,Microglia(PCDH9high)
SEMA3B,3.4559953,2.57E-148,8.48E-147,Microglia(PCDH9high)
DPP10,1.3677475,9.86E-150,3.29E-148,Microglia(PCDH9high)
KIF5C,2.2209363,1.06E-147,3.48E-146,Microglia(PCDH9high)
IRAK2,1.5033942,1.92E-148,6.34E-147,Microglia(PCDH9high)
STXBP6,2.8562832,3.65E-147,1.20E-145,Microglia(PCDH9high)
GREB1L,2.840439,2.63E-146,8.58E-145,Microglia(PCDH9high)
DENND2A,3.6509778,8.62E-146,2.80E-144,Microglia(PCDH9high)
CNP,1.9978691,2.57E-146,8.39E-145,Microglia(PCDH9high)
RGCC,2.871108,2.99E-145,9.65E-144,Microglia(PCDH9high)
FUT9,2.327717,1.94E-145,6.31E-144,Microglia(PCDH9high)
SOBP,2.3281357,3.21E-145,1.03E-143,Microglia(PCDH9high)
ZNF638,1.0524178,3.07E-146,1.00E-144,Microglia(PCDH9high)
DYNC1I1,1.8585284,3.07E-144,9.82E-143,Microglia(PCDH9high)
PREX2,2.7045808,2.12E-143,6.76E-142,Microglia(PCDH9high)
RALGAPA1,1.2882856,2.97E-144,9.50E-143,Microglia(PCDH9high)
PLD5,3.2805903,9.90E-143,3.15E-141,Microglia(PCDH9high)
KIAA1755,4.189205,2.08E-142,6.61E-141,Microglia(PCDH9high)
FBN1,3.1276162,2.45E-142,7.76E-141,Microglia(PCDH9high)
FAM155A,1.1370339,2.51E-144,8.06E-143,Microglia(PCDH9high)
STOX2,2.472608,1.95E-142,6.20E-141,Microglia(PCDH9high)
SERPINI1,2.2572901,1.90E-142,6.02E-141,Microglia(PCDH9high)
PTPN11,1.9429506,6.42E-142,2.03E-140,Microglia(PCDH9high)
CCDC122,3.2555232,2.63E-141,8.28E-140,Microglia(PCDH9high)
MEIS2,2.979708,2.49E-140,7.79E-139,Microglia(PCDH9high)
TMEM235,4.127054,9.05E-140,2.83E-138,Microglia(PCDH9high)
DAPK2,4.2947516,5.75E-139,1.79E-137,Microglia(PCDH9high)
RTN4,0.9370238,4.41E-141,1.39E-139,Microglia(PCDH9high)
INSR,1.4422153,4.06E-140,1.27E-138,Microglia(PCDH9high)
FAXDC2,3.5123546,1.71E-138,5.28E-137,Microglia(PCDH9high)
C10orf76,2.1405275,9.34E-139,2.89E-137,Microglia(PCDH9high)
RHOU,2.7853086,4.36E-138,1.34E-136,Microglia(PCDH9high)
SEMA4D,1.3697362,9.01E-139,2.79E-137,Microglia(PCDH9high)
MYO5A,1.2665626,1.83E-138,5.64E-137,Microglia(PCDH9high)
CNKSR3,4.1047544,9.88E-137,3.01E-135,Microglia(PCDH9high)
RP1-5O6.7,2.6695387,6.86E-135,2.06E-133,Microglia(PCDH9high)
LRRC63,3.872645,4.64E-134,1.39E-132,Microglia(PCDH9high)
TNKS,1.2519871,3.35E-134,1.00E-132,Microglia(PCDH9high)
RP11-701H24.9,1.9327638,1.31E-133,3.91E-132,Microglia(PCDH9high)
NLK,1.2494471,6.21E-134,1.86E-132,Microglia(PCDH9high)
MEGF9,1.7866979,3.49E-133,1.04E-131,Microglia(PCDH9high)
NFIB,1.7818607,5.00E-133,1.49E-131,Microglia(PCDH9high)
SPECC1,1.1132131,1.81E-133,5.41E-132,Microglia(PCDH9high)
SECISBP2L,1.575408,1.33E-132,3.93E-131,Microglia(PCDH9high)
NAPEPLD,2.4093065,7.29E-132,2.14E-130,Microglia(PCDH9high)
TPD52,2.0889874,7.33E-132,2.15E-130,Microglia(PCDH9high)
MPP5,2.0547836,2.04E-129,5.92E-128,Microglia(PCDH9high)
HEPACAM,2.9567957,1.69E-128,4.84E-127,Microglia(PCDH9high)
WSB1,0.99586856,7.44E-130,2.17E-128,Microglia(PCDH9high)
CRYAB,1.8756241,7.65E-129,2.20E-127,Microglia(PCDH9high)
SMOC1,3.1804683,3.08E-128,8.83E-127,Microglia(PCDH9high)
CSMD3,1.2667264,2.23E-129,6.46E-128,Microglia(PCDH9high)
CLIP4,2.3304188,3.72E-128,1.06E-126,Microglia(PCDH9high)
GPR37,2.7097046,5.54E-128,1.58E-126,Microglia(PCDH9high)
SLC4A8,1.8724985,2.66E-128,7.61E-127,Microglia(PCDH9high)
RP11-566D24.2,2.8864,7.15E-128,2.04E-126,Microglia(PCDH9high)
ZHX3,1.9204112,6.40E-128,1.83E-126,Microglia(PCDH9high)
MVB12B,1.1610919,1.26E-128,3.63E-127,Microglia(PCDH9high)
PPP1R21,1.411079,5.40E-128,1.54E-126,Microglia(PCDH9high)
DIXDC1,3.1200235,3.80E-127,1.08E-125,Microglia(PCDH9high)
SYT9,3.6575298,1.36E-126,3.85E-125,Microglia(PCDH9high)
RAB40B,2.5444653,1.62E-126,4.57E-125,Microglia(PCDH9high)
LRRFIP2,1.4769635,1.21E-126,3.41E-125,Microglia(PCDH9high)
LMF1,1.8668382,6.13E-126,1.73E-124,Microglia(PCDH9high)
CRTC3,2.3430047,2.59E-125,7.27E-124,Microglia(PCDH9high)
POGZ,1.2057213,2.93E-125,8.22E-124,Microglia(PCDH9high)
MKRN3,3.1586654,5.70E-124,1.59E-122,Microglia(PCDH9high)
CA2,2.9769723,5.28E-124,1.47E-122,Microglia(PCDH9high)
PIK3C2B,2.4285996,8.98E-124,2.49E-122,Microglia(PCDH9high)
FAM171A1,2.4121563,8.42E-124,2.34E-122,Microglia(PCDH9high)
RERE,0.84993464,7.14E-125,2.00E-123,Microglia(PCDH9high)
ELL2,0.95721436,2.34E-124,6.55E-123,Microglia(PCDH9high)
ADRBK2,1.697591,2.62E-123,7.25E-122,Microglia(PCDH9high)
HBS1L,1.7680883,7.78E-123,2.15E-121,Microglia(PCDH9high)
MEIS1,2.907137,4.70E-122,1.29E-120,Microglia(PCDH9high)
KLHL3,2.5637004,8.26E-122,2.26E-120,Microglia(PCDH9high)
SLC13A3,3.0825305,1.89E-121,5.17E-120,Microglia(PCDH9high)
GRAMD3,3.2348206,4.35E-121,1.19E-119,Microglia(PCDH9high)
ATG4C,1.3396677,7.08E-122,1.94E-120,Microglia(PCDH9high)
ODZ4,1.5968034,1.27E-121,3.47E-120,Microglia(PCDH9high)
RP11-792A8.5,2.5358994,8.74E-121,2.38E-119,Microglia(PCDH9high)
RBPJ,1.1679509,3.84E-121,1.05E-119,Microglia(PCDH9high)
CLDND1,1.7199966,4.68E-120,1.26E-118,Microglia(PCDH9high)
TMC7,2.461672,1.02E-119,2.76E-118,Microglia(PCDH9high)
MGEA5,1.9555279,1.06E-119,2.86E-118,Microglia(PCDH9high)
SCD,1.8998525,1.53E-119,4.12E-118,Microglia(PCDH9high)
FNIP2,1.042957,1.06E-118,2.84E-117,Microglia(PCDH9high)
FEZ1,2.2335646,1.70E-116,4.47E-115,Microglia(PCDH9high)
SPAG9,1.2127727,6.16E-117,1.63E-115,Microglia(PCDH9high)
PCGF5,1.6050993,4.07E-116,1.07E-114,Microglia(PCDH9high)
PRTFDC1,2.406998,1.08E-115,2.83E-114,Microglia(PCDH9high)
HIP1R,3.150793,2.71E-115,7.06E-114,Microglia(PCDH9high)
CYP7B1,2.7663856,4.76E-115,1.24E-113,Microglia(PCDH9high)
RGS7,1.2556461,8.79E-116,2.30E-114,Microglia(PCDH9high)
PEAK1,0.9866732,5.11E-116,1.34E-114,Microglia(PCDH9high)
UNC79,1.7208176,3.18E-115,8.29E-114,Microglia(PCDH9high)
ZCCHC6,1.7942318,3.55E-115,9.24E-114,Microglia(PCDH9high)
TESK2,2.3613908,1.39E-114,3.59E-113,Microglia(PCDH9high)
DPP6,1.3831214,5.41E-115,1.40E-113,Microglia(PCDH9high)
SIK2,1.2616347,5.28E-115,1.37E-113,Microglia(PCDH9high)
PLA2G4C,2.52553,2.68E-114,6.89E-113,Microglia(PCDH9high)
ZHX2,1.498855,1.20E-114,3.10E-113,Microglia(PCDH9high)